Restaurant,url
McDonald's - G Tuazon,https://food.grab.com/ph/en/restaurant/mcdonald-s-g-tuazon-delivery/2-CYV1LTCHKCNAGE
Burger King - Welcome Rotonda,https://food.grab.com/ph/en/restaurant/burger-king-welcome-rotonda-delivery/AWhefkWqR-bAtZoKZM96
Jollibee - G. Tuazon-Balic Balic,https://food.grab.com/ph/en/restaurant/jollibee-g-tuazon-balic-balic-delivery/2-CY2CR65JMEKDAX
Wendy's - Dapitan [Available for LONG-DISTANCE DELIVERY],https://food.grab.com/ph/en/restaurant/wendy-s-dapitan-available-for-long-distance-delivery-delivery/PHGFSTI0000017w
,https://food.grab.com/ph/en/restaurant/kfc-nagtahan-delivery/2-CYU3LAJGAPC3TE
,https://food.grab.com/ph/en/restaurant/greenwich-kanlaon-delivery/2-CYKTRUNZSBBAVE
,https://food.grab.com/ph/en/restaurant/starbucks-mega-one-building-delivery/2-C2DWCZL1RATGTE
,https://food.grab.com/ph/en/restaurant/chowking-stop-shop-delivery/2-CYMHN7BUJN4ZCA
McDonald's - Sta Cruz Church,https://food.grab.com/ph/en/restaurant/mcdonald-s-sta-cruz-church-delivery/AWiD5JwQfYWaYaQC4nY4
Jollibee - Galaxy Avenida Tower,https://food.grab.com/ph/en/restaurant/jollibee-galaxy-avenida-tower-delivery/2-CY2CR65JEXE2AT
Wendy's - Dapitan [Available for LONG-DISTANCE DELIVERY],https://food.grab.com/ph/en/restaurant/wendy-s-dapitan-available-for-long-distance-delivery-delivery/PHGFSTI0000017w
Mang Inasal - Tayuman,https://food.grab.com/ph/en/restaurant/mang-inasal-tayuman-delivery/2-CZCVUA42FBUTTX
KFC - Dapitan 2,https://food.grab.com/ph/en/restaurant/kfc-dapitan-2-delivery/2-CYUZC8BJTVC3LE
Angel's Pizza - Legarda [Available for LONG-DISTANCE DELIVERY],https://food.grab.com/ph/en/restaurant/angel-s-pizza-legarda-available-for-long-distance-delivery-delivery/PHGFSTI000000zw
Chowking - Avenida Recto,https://food.grab.com/ph/en/restaurant/chowking-avenida-recto-delivery/2-CYMHN7EHBEKAR2
Yellow Cab Pizza - Espana [Available for LONG-DISTANCE DELIVERY],https://food.grab.com/ph/en/restaurant/yellow-cab-pizza-espana-available-for-long-distance-delivery-delivery/2-CYKCVZNZJTDFLE
Army Navy Burger + Burrito - UST Dapitan [Available for LONG-DISTANCE DELIVERY],https://food.grab.com/ph/en/restaurant/army-navy-burger-burrito-ust-dapitan-available-for-long-distance-delivery-delivery/PHGFSTI000000ym
Starbucks - Pacific Center Binondo [Available for LONG-DISTANCE DELIVERY],https://food.grab.com/ph/en/restaurant/starbucks-pacific-center-binondo-available-for-long-distance-delivery-delivery/2-CY42TKKBTU4DA2
Shakey's Pizza - Espana,https://food.grab.com/ph/en/restaurant/shakey-s-pizza-espana-delivery/2-CYK2GKKXEKTULJ
Three J lugawan - Earnshaw Street [Available for LONG-DISTANCE DELIVERY],https://food.grab.com/ph/en/restaurant/three-j-lugawan-earnshaw-street-available-for-long-distance-delivery-delivery/2-C2JTJFEKWCKZLE
WOW Shawarma - Cristobal Street,https://food.grab.com/ph/en/restaurant/wow-shawarma-cristobal-street-delivery/2-C2A3LEAEWB2YCA
Hummus Express - UST [Available for LONG-DISTANCE DELIVERY],https://food.grab.com/ph/en/restaurant/hummus-express-ust-available-for-long-distance-delivery-delivery/2-CY5GJP3XMF6FG2
Food House by Madla - UST,https://food.grab.com/ph/en/restaurant/food-house-by-madla-ust-delivery/2-CZKJC241LXA1TN
Boodle Inasal x Happy Thirstday - Sampaloc [Available for LONG-DISTANCE DELIVERY],https://food.grab.com/ph/en/restaurant/boodle-inasal-x-happy-thirstday-sampaloc-available-for-long-distance-delivery-delivery/2-C2J3BF3DSA2YRX
Erlinda's Foodhouse - Loyola Street,https://food.grab.com/ph/en/restaurant/erlinda-s-foodhouse-loyola-street-delivery/2-C2WCFGMANYXTAA
Tapsarap - Loyola Street [Available for LONG-DISTANCE DELIVERY],https://food.grab.com/ph/en/restaurant/tapsarap-loyola-street-available-for-long-distance-delivery-delivery/2-C2NZR6XHVCE3BE
24/7 Wings - UST [Available for LONG-DISTANCE DELIVERY],https://food.grab.com/ph/en/restaurant/24-7-wings-ust-available-for-long-distance-delivery-delivery/2-CYUYBF42AU5ELJ
24/7 Virtual Pub - UST [Available for LONG-DISTANCE DELIVERY],https://food.grab.com/ph/en/restaurant/24-7-virtual-pub-ust-available-for-long-distance-delivery-delivery/2-C2DBEVJATFEAGA
Rarjap Sushi House - V. Concepcion Street [Available for LONG-DISTANCE DELIVERY],https://food.grab.com/ph/en/restaurant/rarjap-sushi-house-v-concepcion-street-available-for-long-distance-delivery-delivery/2-CY6YVVJJR8NXFE
Bo's Coffee - Espana [Available for LONG-DISTANCE DELIVERY],https://food.grab.com/ph/en/restaurant/bo-s-coffee-espana-available-for-long-distance-delivery-delivery/2-CZNFWE3UCTVJNE
Black Scoop Cafe - UST Dapitan-Dos Castillas [Available for LONG-DISTANCE DELIVERY],https://food.grab.com/ph/en/restaurant/black-scoop-cafe-ust-dapitan-dos-castillas-available-for-long-distance-delivery-delivery/2-CZEVSE42L2UDT2
Supreme Wings - Sampaloc [Available for LONG-DISTANCE DELIVERY],https://food.grab.com/ph/en/restaurant/supreme-wings-sampaloc-available-for-long-distance-delivery-delivery/2-CZNTDF6TMAE2CJ
Sausage Supreme - Sampaloc [Available for LONG-DISTANCE DELIVERY],https://food.grab.com/ph/en/restaurant/sausage-supreme-sampaloc-available-for-long-distance-delivery-delivery/2-CZNTDBLDT8DJRA
Aling Banang - Magsaysay Nagtahan [Available for LONG-DISTANCE DELIVERY],https://food.grab.com/ph/en/restaurant/aling-banang-magsaysay-nagtahan-available-for-long-distance-delivery-delivery/2-CZLWWA4ZLNAFE6
Boba Ka Tea - Loyola Street [Available for LONG-DISTANCE DELIVERY],https://food.grab.com/ph/en/restaurant/boba-ka-tea-loyola-street-available-for-long-distance-delivery-delivery/2-C2AYJX31LPBYBE
Healthy to Go - UST [Available for LONG-DISTANCE DELIVERY],https://food.grab.com/ph/en/restaurant/healthy-to-go-ust-available-for-long-distance-delivery-delivery/2-CYVAEUXXRVECLX
Ichiban1 Yakitori - M.V. Delos Santos [Available for LONG-DISTANCE DELIVERY],https://food.grab.com/ph/en/restaurant/ichiban1-yakitori-m-v-delos-santos-available-for-long-distance-delivery-delivery/2-C2JZJ2WTNT2JRT
Joni's Grill - Delos Santos Street [Available for LONG-DISTANCE DELIVERY],https://food.grab.com/ph/en/restaurant/joni-s-grill-delos-santos-street-available-for-long-distance-delivery-delivery/2-C23ZN7JJTCNECN
Kanto Freestyle Breakfast - Manila [Available for LONG-DISTANCE DELIVERY],https://food.grab.com/ph/en/restaurant/kanto-freestyle-breakfast-manila-available-for-long-distance-delivery-delivery/2-CZMTGJ21G8NUNA
Hideout Tea and Coffee House - UST [Available for LONG-DISTANCE DELIVERY],https://food.grab.com/ph/en/restaurant/hideout-tea-and-coffee-house-ust-available-for-long-distance-delivery-delivery/2-C2NUTFKWPFEHDA
Rhian Ramos' Healthy Appetite - UST [Available for LONG-DISTANCE DELIVERY],https://food.grab.com/ph/en/restaurant/rhian-ramos-healthy-appetite-ust-available-for-long-distance-delivery-delivery/2-C2NVLYAAG6XVRT
Shark's Bistro - Padre Noval Street,https://food.grab.com/ph/en/restaurant/shark-s-bistro-padre-noval-street-delivery/2-C2MBC62FA7MDA2
Bulalugaw Express - Earnshaw Suites [Available for LONG-DISTANCE DELIVERY],https://food.grab.com/ph/en/restaurant/bulalugaw-express-earnshaw-suites-available-for-long-distance-delivery-delivery/2-CY3UWALJANXHBE
Tiger Winx - Sampaloc [Available for LONG-DISTANCE DELIVERY],https://food.grab.com/ph/en/restaurant/tiger-winx-sampaloc-available-for-long-distance-delivery-delivery/2-C2MBGPVAN6KDEX
24/7 Eats - UST [Available for LONG-DISTANCE DELIVERY],https://food.grab.com/ph/en/restaurant/24-7-eats-ust-available-for-long-distance-delivery-delivery/2-C2AGSFEVLYUELE
Burger Beast by Chef Carlo Miguel - UST [Available for LONG-DISTANCE DELIVERY],https://food.grab.com/ph/en/restaurant/burger-beast-by-chef-carlo-miguel-ust-available-for-long-distance-delivery-delivery/2-CY5GJP3XPBAWRT
Rice Rocket - UST [Available for LONG-DISTANCE DELIVERY],https://food.grab.com/ph/en/restaurant/rice-rocket-ust-available-for-long-distance-delivery-delivery/2-CZNFTCBYL4A2KA
Korean To Go - UST [Available for LONG DISTANCE DELIVERY],https://food.grab.com/ph/en/restaurant/korean-to-go-ust-available-for-long-distance-delivery-delivery/2-C221TAUYDFKGLX
Calorie Club - UST [Available for LONG-DISTANCE DELIVERY],https://food.grab.com/ph/en/restaurant/calorie-club-ust-available-for-long-distance-delivery-delivery/2-CYVAEU2BALJ2TX
Ichiban1 - Delos Santos [Available for LONG-DISTANCE DELIVERY],https://food.grab.com/ph/en/restaurant/ichiban1-delos-santos-available-for-long-distance-delivery-delivery/2-C233G25XJT2WA2
Burger Nation - UST [Available for LONG-DISTANCE DELIVERY],https://food.grab.com/ph/en/restaurant/burger-nation-ust-available-for-long-distance-delivery-delivery/2-C2VEGFMHNKUARA
Grub King - Big Scoop [Available for LONG-DISTANCE DELIVERY],https://food.grab.com/ph/en/restaurant/grub-king-big-scoop-available-for-long-distance-delivery-delivery/2-C2VEJKC3NEATRE
Super Chicken Tenders - UST [Available for LONG-DISTANCE DELIVERY],https://food.grab.com/ph/en/restaurant/super-chicken-tenders-ust-available-for-long-distance-delivery-delivery/2-CYWUG2B1AXA1FA
My Sushi Bake! - UST [Available for LONG-DISTANCE DELIVERY],https://food.grab.com/ph/en/restaurant/my-sushi-bake-ust-available-for-long-distance-delivery-delivery/2-C2DWFBCWSAMKN2
Tastes from the Greens - Tondo [Available for LONG-DISTANCE DELIVERY],https://food.grab.com/ph/en/restaurant/tastes-from-the-greens-tondo-available-for-long-distance-delivery-delivery/2-C2LWLNLBJNLDVX
24/7 Super Healthy - UST [Available for LONG-DISTANCE DELIVERY],https://food.grab.com/ph/en/restaurant/24-7-super-healthy-ust-available-for-long-distance-delivery-delivery/2-CYVAEUXJGRABA6
Tita's Turon Atbp. - UST [Available for LONG-DISTANCE DELIVERY],https://food.grab.com/ph/en/restaurant/tita-s-turon-atbp-ust-available-for-long-distance-delivery-delivery/2-CY3KEXATTTBBKA
Angel's Sizzling - Delos Santos Street [Available for LONG-DISTANCE DELIVERY],https://food.grab.com/ph/en/restaurant/angel-s-sizzling-delos-santos-street-available-for-long-distance-delivery-delivery/2-C23ZN3NYEBJKL6
Happy Thirstday - Sampaloc [Available for LONG-DISTANCE DELIVERY],https://food.grab.com/ph/en/restaurant/happy-thirstday-sampaloc-available-for-long-distance-delivery-delivery/2-C2NXGFKDPEEACE
Seoulmates by Alyssa & Kiefer - UST [Available for LONG-DISTANCE DELIVERY],https://food.grab.com/ph/en/restaurant/seoulmates-by-alyssa-kiefer-ust-available-for-long-distance-delivery-delivery/2-C2WEVPDAANLWJX
Chef Carlo’s Country Chicken - UST [Available for LONG-DISTANCE DELIVERY],https://food.grab.com/ph/en/restaurant/chef-carlo%E2%80%99s-country-chicken-ust-available-for-long-distance-delivery-delivery/2-C2TUKFATWB6ANE
Lugaw Pilipinas - Earnshaw [Available for LONG-DISTANCE DELIVERY],https://food.grab.com/ph/en/restaurant/lugaw-pilipinas-earnshaw-available-for-long-distance-delivery-delivery/2-C2KDGA6GMBXKVE
99 Peso Wings - UST [Available for LONG-DISTANCE DELIVERY],https://food.grab.com/ph/en/restaurant/99-peso-wings-ust-available-for-long-distance-delivery-delivery/2-CY5HJFWZA6LBBA
Bolzico Beef To Go by CloudEats - UST [Available for LONG-DISTANCE DELIVERY],https://food.grab.com/ph/en/restaurant/bolzico-beef-to-go-by-cloudeats-ust-available-for-long-distance-delivery-delivery/2-C2TAJJ5GSFWKNE
99 Peso Rice Bowls To Go - UST [Available for LONG-DISTANCE DELIVERY],https://food.grab.com/ph/en/restaurant/99-peso-rice-bowls-to-go-ust-available-for-long-distance-delivery-delivery/2-CYVGEUCHNP4KPE
Get Baked! - UST [Available for LONG-DISTANCE DELIVERY],https://food.grab.com/ph/en/restaurant/get-baked-ust-available-for-long-distance-delivery-delivery/2-CZLKLZAFBFXFKA
Baked Sushi by Aj & Gee - Sta. Cruz [Available for LONG-DISTANCE DELIVERY],https://food.grab.com/ph/en/restaurant/baked-sushi-by-aj-gee-sta-cruz-available-for-long-distance-delivery-delivery/2-C2LYJN4DKCMKNT
Kusina ni Angeline - UST [Available for LONG-DISTANCE DELIVERY],https://food.grab.com/ph/en/restaurant/kusina-ni-angeline-ust-available-for-long-distance-delivery-delivery/2-C2WYLRA3EX6DAJ
The Norwoods' Aloha Eats - UST [Available for LONG-DISTANCE DELIVERY],https://food.grab.com/ph/en/restaurant/the-norwoods-aloha-eats-ust-available-for-long-distance-delivery-delivery/2-C2UVEYNGV8NXL6
Jessie's Sushi - Biak na Bato Manila [Available for LONG-DISTANCE DELIVERY],https://food.grab.com/ph/en/restaurant/jessie-s-sushi-biak-na-bato-manila-available-for-long-distance-delivery-delivery/2-CZMWV7LCJFNAPE
DAKS Shawarma by Boys Night Out - UST [Available for LONG-DISTANCE DELIVERY],https://food.grab.com/ph/en/restaurant/daks-shawarma-by-boys-night-out-ust-available-for-long-distance-delivery-delivery/2-C2LGR642KAUJLA
Sushi Meets Pasta - Manila [Available for LONG-DISTANCE DELIVERY],https://food.grab.com/ph/en/restaurant/sushi-meets-pasta-manila-available-for-long-distance-delivery-delivery/2-C2LBKBCWGNNDEN
49 Peso Street Food - UST [Available for LONG-DISTANCE DELIVERY],https://food.grab.com/ph/en/restaurant/49-peso-street-food-ust-available-for-long-distance-delivery-delivery/2-CY43RAEDNYVFPA
Lucky 88 Bowls - UST [Available for LONG-DISTANCE DELIVERY],https://food.grab.com/ph/en/restaurant/lucky-88-bowls-ust-available-for-long-distance-delivery-delivery/2-C2MZBANYCNCGCN
Mr. Mediterranean - UST [Available for LONG-DISTANCE DELIVERY],https://food.grab.com/ph/en/restaurant/mr-mediterranean-ust-available-for-long-distance-delivery-delivery/2-CZAWCXXCDFJGJX
Pasta Italiana - Biak na Bato [Available for LONG-DISTANCE DELIVERY],https://food.grab.com/ph/en/restaurant/pasta-italiana-biak-na-bato-available-for-long-distance-delivery-delivery/2-C2LALAEXJZAULN
MAFS Delivery - Lardizabal Street [Available for LONG-DISTANCE DELIVERY],https://food.grab.com/ph/en/restaurant/mafs-delivery-lardizabal-street-available-for-long-distance-delivery-delivery/2-C2DWV2ABUETHUE
Crazy Chops - Sampaloc [Available for LONG-DISTANCE DELIVERY],https://food.grab.com/ph/en/restaurant/crazy-chops-sampaloc-available-for-long-distance-delivery-delivery/2-CZMVEKT3CCBJJN
Wicked Tacos - UST [Available for LONG-DISTANCE DELIVERY],https://food.grab.com/ph/en/restaurant/wicked-tacos-ust-available-for-long-distance-delivery-delivery/2-C2KCNVMVAAEWKE
Something Healthy - UST [Available for LONG-DISTANCE DELIVERY],https://food.grab.com/ph/en/restaurant/something-healthy-ust-available-for-long-distance-delivery-delivery/2-CYVGEUCHNF3ZJN
Something Healthy - UST [Available for LONG-DISTANCE DELIVERY],https://food.grab.com/ph/en/restaurant/something-healthy-ust-available-for-long-distance-delivery-delivery/2-CYVGEUCHNF3ZJN
Gineral's Classics by LA Tenorio - UST [Available for LONG-DISTANCE DELIVERY],https://food.grab.com/ph/en/restaurant/gineral-s-classics-by-la-tenorio-ust-available-for-long-distance-delivery-delivery/2-C2VYG4ACVFK2E6
Lutong Bahay - UST [Available for LONG-DISTANCE DELIVERY],https://food.grab.com/ph/en/restaurant/lutong-bahay-ust-available-for-long-distance-delivery-delivery/2-CY43SCNGA6MFE6
Mexi-ko: Fil Mex Kantina - UST [Available for LONG-DISTANCE DELIVERY],https://food.grab.com/ph/en/restaurant/mexi-ko-fil-mex-kantina-ust-available-for-long-distance-delivery-delivery/2-C2JZFGBCETJEEE
Citystate Hotel - Quezon Boulevard,https://food.grab.com/ph/en/restaurant/citystate-hotel-quezon-boulevard-delivery/2-CY6BDFWDEU3DJ6
Rice and Shine - UST [Available for LONG-DISTANCE DELIVERY],https://food.grab.com/ph/en/restaurant/rice-and-shine-ust-available-for-long-distance-delivery-delivery/2-CYVAEU23V7M1E6
Wonder Wingz Around The World - UST [Available for LONG-DISTANCE DELIVERY],https://food.grab.com/ph/en/restaurant/wonder-wingz-around-the-world-ust-available-for-long-distance-delivery-delivery/2-CYTZBGMDL6NWRJ
Milk Tea Bar - UST [Available for LONG-DISTANCE DELIVERY],https://food.grab.com/ph/en/restaurant/milk-tea-bar-ust-available-for-long-distance-delivery-delivery/2-C2NCSFBXVBJXUA
Seafood Mix - Lardizabal [Available for LONG-DISTANCE DELIVERY],https://food.grab.com/ph/en/restaurant/seafood-mix-lardizabal-available-for-long-distance-delivery-delivery/2-C2VXPBUEL7C1VJ
Jheralds Delicious Delight - Sampaloc [Available for LONG-DISTANCE DELIVERY],https://food.grab.com/ph/en/restaurant/jheralds-delicious-delight-sampaloc-available-for-long-distance-delivery-delivery/2-C2L2V8BWJ74ZJE
99 Peso Sulit Chicken - UST [Available for LONG-DISTANCE DELIVERY],https://food.grab.com/ph/en/restaurant/99-peso-sulit-chicken-ust-available-for-long-distance-delivery-delivery/2-CYVERF5UAP4BC2
Mr. Lugaw - Gastambide Street [Available for LONG-DISTANCE DELIVERY],https://food.grab.com/ph/en/restaurant/mr-lugaw-gastambide-street-available-for-long-distance-delivery-delivery/PHGFSTI000001d2
A-Meal-Ya's Family Favorites - UST [Available for LONG-DISTANCE DELIVERY],https://food.grab.com/ph/en/restaurant/a-meal-ya-s-family-favorites-ust-available-for-long-distance-delivery-delivery/2-C2EBEFKGAN4ATN
Seoul Healthy! - UST [Available for LONG-DISTANCE DELIVERY],https://food.grab.com/ph/en/restaurant/seoul-healthy-ust-available-for-long-distance-delivery-delivery/2-C23BGBUWTT6TJT
Inihaw Atbp. - UST [Available for LONG-DISTANCE DELIVERY],https://food.grab.com/ph/en/restaurant/inihaw-atbp-ust-available-for-long-distance-delivery-delivery/2-CY43R2XJCNDVSA
Gemma's Chx Wings - Sta. Cruz [Available for LONG-DISTANCE DELIVERY],https://food.grab.com/ph/en/restaurant/gemma-s-chx-wings-sta-cruz-available-for-long-distance-delivery-delivery/2-C2VEFFU3CGL1AN
Vista Hotel and Restaurant - Recto Street,https://food.grab.com/ph/en/restaurant/vista-hotel-and-restaurant-recto-street-delivery/2-CY4YGT62L6A3V2
Kung Pow Express - UST [Available for LONG-DISTANCE DELIVERY],https://food.grab.com/ph/en/restaurant/kung-pow-express-ust-available-for-long-distance-delivery-delivery/2-C2UACJEUPAJHTA
24/7 Super Chicken - UST [Available for LONG-DISTANCE DELIVERY],https://food.grab.com/ph/en/restaurant/24-7-super-chicken-ust-available-for-long-distance-delivery-delivery/2-CYWUG2B1JJ33EA
Urbanitea - Earnshaw Espana,https://food.grab.com/ph/en/restaurant/urbanitea-earnshaw-espana-delivery/2-C2E3AEEAKF6KAE
Healthy & Beyond - UST [Available for LONG-DISTANCE DELIVERY],https://food.grab.com/ph/en/restaurant/healthy-beyond-ust-available-for-long-distance-delivery-delivery/2-CYVAEU2HGA3HA2
Tenders To Go - UST [Available for LONG-DISTANCE DELIVERY],https://food.grab.com/ph/en/restaurant/tenders-to-go-ust-available-for-long-distance-delivery-delivery/2-CYVXAFJJVXNUAJ
Sunsal Chicken - Lardizabal Street [Available for LONG-DISTANCE DELIVERY],https://food.grab.com/ph/en/restaurant/sunsal-chicken-lardizabal-street-available-for-long-distance-delivery-delivery/2-C2TXBBEHCXETN6
Bubble X Tea - UST [Available for LONG-DISTANCE DELIVERY],https://food.grab.com/ph/en/restaurant/bubble-x-tea-ust-available-for-long-distance-delivery-delivery/2-CYTZBGNCVBWXFA
Libertea Milktea - UST Dapitan [Available for LONG-DISTANCE DELIVERY],https://food.grab.com/ph/en/restaurant/libertea-milktea-ust-dapitan-available-for-long-distance-delivery-delivery/2-C2ADGP6ERKEWVX
Wok with Yap - UST [Available for LONG-DISTANCE DELIVERY],https://food.grab.com/ph/en/restaurant/wok-with-yap-ust-available-for-long-distance-delivery-delivery/2-CZMHAAEVN6VTRT
Daily Dose Coffee Cafe - UST [Available for LONG-DISTANCE DELIVERY],https://food.grab.com/ph/en/restaurant/daily-dose-coffee-cafe-ust-available-for-long-distance-delivery-delivery/2-C2CAGPCKET52UA
Flavours - Biak Na Bato St. [Available for LONG-DISTANCE DELIVERY],https://food.grab.com/ph/en/restaurant/flavours-biak-na-bato-st-available-for-long-distance-delivery-delivery/2-C2V1JEUUCFE1TJ
Chuang Mingtang Taiwan Fruit Tea - Sampaloc [Available for LONG-DISTANCE DELIVERY],https://food.grab.com/ph/en/restaurant/chuang-mingtang-taiwan-fruit-tea-sampaloc-available-for-long-distance-delivery-delivery/2-C2MANXU1EXLUC2
R&B Milk Tea - Espana (Shakey's),https://food.grab.com/ph/en/restaurant/r-b-milk-tea-espana-shakey-s-delivery/2-C2KTJXA3NGMFGX
PALAMilk Tea - Laon Laan [Available for LONG-DISTANCE DELIVERY],https://food.grab.com/ph/en/restaurant/palamilk-tea-laon-laan-available-for-long-distance-delivery-delivery/2-C2L2ATUWRJJTBE
Angel's Pasta - Santa Cruz [Available for LONG-DISTANCE DELIVERY],https://food.grab.com/ph/en/restaurant/angel-s-pasta-santa-cruz-available-for-long-distance-delivery-delivery/2-C22KVK22LEUTWA
Uncle John's Chicken by Mini Stop - Escolta,https://food.grab.com/ph/en/restaurant/uncle-john-s-chicken-by-mini-stop-escolta-delivery/2-CYNDEYNDSBU2RN
Angel's Pasta - Santa Cruz [Available for LONG-DISTANCE DELIVERY],https://food.grab.com/ph/en/restaurant/angel-s-pasta-santa-cruz-available-for-long-distance-delivery-delivery/2-C22KVK22LEUTWA
Minute Burger - Gastambide [Available for LONG-DISTANCE DELIVERY],https://food.grab.com/ph/en/restaurant/minute-burger-gastambide-available-for-long-distance-delivery-delivery/2-CZKCBFBFRLCUTN
24/7 Coffee Feat. El Union - UST [Available for LONG-DISTANCE DELIVERY],https://food.grab.com/ph/en/restaurant/24-7-coffee-feat-el-union-ust-available-for-long-distance-delivery-delivery/2-C23XEADWTKDVEE
Ayamwings Food House - Intramuros,https://food.grab.com/ph/en/restaurant/ayamwings-food-house-intramuros-delivery/2-C22DSCEGRT5FBE
Kanto King - UST [Available for LONG-DISTANCE DELIVERY],https://food.grab.com/ph/en/restaurant/kanto-king-ust-available-for-long-distance-delivery-delivery/2-CY4XJCDJFEWAA2
Ali and Pau Foodhouse - Quiapo,https://food.grab.com/ph/en/restaurant/ali-and-pau-foodhouse-quiapo-delivery/2-C2AXL8KGA7XEUA
625 Sugar Cup Milktea House - Ah Lacson Ave.,https://food.grab.com/ph/en/restaurant/625-sugar-cup-milktea-house-ah-lacson-ave-delivery/2-C2VFCUJBJZEHKA
Kanto King - UST [Available for LONG-DISTANCE DELIVERY],https://food.grab.com/ph/en/restaurant/kanto-king-ust-available-for-long-distance-delivery-delivery/2-CY4XJCDJFEWAA2
Casa Crawford: Modern Mexican Kitchen - UST [Available for LONG-DISTANCE DELIVERY],https://food.grab.com/ph/en/restaurant/casa-crawford-modern-mexican-kitchen-ust-available-for-long-distance-delivery-delivery/2-C24JVJ5FJP3EDE
625 Sugar Cup Milktea House - Ah Lacson Ave.,https://food.grab.com/ph/en/restaurant/625-sugar-cup-milktea-house-ah-lacson-ave-delivery/2-C2VFCUJBJZEHKA
Emoteara Cafe - Lacson Avenue [Available for LONG-DISTANCE DELIVERY],https://food.grab.com/ph/en/restaurant/emoteara-cafe-lacson-avenue-available-for-long-distance-delivery-delivery/2-C2AZAXTCL2MULX
Dropshot Burger - Laon Laan St. [Available for LONG-DISTANCE DELIVERY],https://food.grab.com/ph/en/restaurant/dropshot-burger-laon-laan-st-available-for-long-distance-delivery-delivery/2-C2W3RTJHEY3TT2
New Yorker Buffalo Wings - Biak Na Bato [Available for LONG-DISTANCE DELIVERY],https://food.grab.com/ph/en/restaurant/new-yorker-buffalo-wings-biak-na-bato-available-for-long-distance-delivery-delivery/2-C2VJLEBZCKLXL6
Rhieham's Kitchenette - United Nations Ave.,https://food.grab.com/ph/en/restaurant/rhieham-s-kitchenette-united-nations-ave-delivery/2-C2UVV2CTG8CJV6
Uncle John's Chicken by Mini Stop - Escolta,https://food.grab.com/ph/en/restaurant/uncle-john-s-chicken-by-mini-stop-escolta-delivery/2-CYNDEYNDSBU2RN
Scorched Smokehouse - SM Manila,https://food.grab.com/ph/en/restaurant/scorched-smokehouse-sm-manila-delivery/2-C22TVED3GXEGLE
Zagu - Carriedo,https://food.grab.com/ph/en/restaurant/zagu-carriedo-delivery/2-C23KCYNANNDJNN
Macao Imperial Tea - Mendiola [Available for LONG-DISTANCE DELIVERY],https://food.grab.com/ph/en/restaurant/macao-imperial-tea-mendiola-available-for-long-distance-delivery-delivery/2-CY2EGPUFTYKJVX
Wai Ying Fastfood - Binondo [Available for LONG-DISTANCE DELIVERY],https://food.grab.com/ph/en/restaurant/wai-ying-fastfood-binondo-available-for-long-distance-delivery-delivery/2-C2MFREUZN6WKLN
Dadudz Unli Wings - St. Thomas Square,https://food.grab.com/ph/en/restaurant/dadudz-unli-wings-st-thomas-square-delivery/2-C23ZNBUFGADZTN
Happilee Korean Kitchen - GrabKitchen (Sampaloc) [Available for LONG-DISTANCE DELIVERY],https://food.grab.com/ph/en/restaurant/happilee-korean-kitchen-grabkitchen-sampaloc-available-for-long-distance-delivery-delivery/2-C2JECYXXKF2ATA
David's Tea House - Sta. Cruz [Available for LONG-DISTANCE DELIVERY],https://food.grab.com/ph/en/restaurant/david-s-tea-house-sta-cruz-available-for-long-distance-delivery-delivery/PHGFSTI0000019k
King Chef - Lucky Chinatown Mall (Seafood Restaurant),https://food.grab.com/ph/en/restaurant/king-chef-lucky-chinatown-mall-seafood-restaurant-delivery/PHGFSTI0000019v
Conti's Bakeshop and Restaurant - SM San Lazaro,https://food.grab.com/ph/en/restaurant/conti-s-bakeshop-and-restaurant-sm-san-lazaro-delivery/2-C2U2WGKAVKXCTE
Wai Ying Fastfood - Binondo [Available for LONG-DISTANCE DELIVERY],https://food.grab.com/ph/en/restaurant/wai-ying-fastfood-binondo-available-for-long-distance-delivery-delivery/2-C2MFREUZN6WKLN
Pepper Lunch Express - Lucky Chinatown [Available for LONG-DISTANCE DELIVERY],https://food.grab.com/ph/en/restaurant/pepper-lunch-express-lucky-chinatown-available-for-long-distance-delivery-delivery/2-CY3VAZCEDGNEVA
Greenwich - Carriedo,https://food.grab.com/ph/en/restaurant/greenwich-carriedo-delivery/2-CZD1JGLJCTNVNA
Landers Central - Otis [Available for LONG-DISTANCE DELIVERY],https://food.grab.com/ph/en/restaurant/landers-central-otis-available-for-long-distance-delivery-delivery/2-C2BXJKTYNJ6CTX
Tim Hortons - CEU,https://food.grab.com/ph/en/restaurant/tim-hortons-ceu-delivery/2-CZAHEABBVN3JRE
Mister Kabab - GrabKitchen (Sampaloc) [Available for LONG-DISTANCE DELIVERY],https://food.grab.com/ph/en/restaurant/mister-kabab-grabkitchen-sampaloc-available-for-long-distance-delivery-delivery/2-C2JEE7UARFJYEN
Amber - Manila,https://food.grab.com/ph/en/restaurant/amber-manila-delivery/2-CZDZDAVJRAWGJT
David's Tea House - Sta. Cruz [Available for LONG-DISTANCE DELIVERY],https://food.grab.com/ph/en/restaurant/david-s-tea-house-sta-cruz-available-for-long-distance-delivery-delivery/PHGFSTI0000019k
24 Chicken - Mendiola [Available for LONG-DISTANCE DELIVERY],https://food.grab.com/ph/en/restaurant/24-chicken-mendiola-available-for-long-distance-delivery-delivery/2-CZE2EK6UJ7EVPE
BonChon - Isetann Recto,https://food.grab.com/ph/en/restaurant/bonchon-isetann-recto-delivery/PHGFSTI000004jh
Caution Bistro - Manila [Available for LONG-DISTANCE DELIVERY],https://food.grab.com/ph/en/restaurant/caution-bistro-manila-available-for-long-distance-delivery-delivery/2-C2WFT2UYEUBDCX
Tropical Hut Hamburger - Escolta [Available for LONG-DISTANCE DELIVERY],https://food.grab.com/ph/en/restaurant/tropical-hut-hamburger-escolta-available-for-long-distance-delivery-delivery/2-CYVKSE5CLBNHGX
ProJuice - Castillas [Available for LONG-DISTANCE DELIVERY],https://food.grab.com/ph/en/restaurant/projuice-castillas-available-for-long-distance-delivery-delivery/2-CYKELGDULCBWTN
The Aristocrat Restaurant - SM Manila [Available for LONG-DISTANCE DELIVERY],https://food.grab.com/ph/en/restaurant/the-aristocrat-restaurant-sm-manila-available-for-long-distance-delivery-delivery/2-C2LGNT4HGCCBEN
Classic Savory - SM Manila [Available for LONG-DISTANCE DELIVERY],https://food.grab.com/ph/en/restaurant/classic-savory-sm-manila-available-for-long-distance-delivery-delivery/PHGFSTI000001to
Tokyo Tokyo - Xentro Mall Legarda,https://food.grab.com/ph/en/restaurant/tokyo-tokyo-xentro-mall-legarda-delivery/2-C2NJVVAKTXU2TT
Krispy Kreme - SM Manila [Available for LONG-DISTANCE DELIVERY],https://food.grab.com/ph/en/restaurant/krispy-kreme-sm-manila-available-for-long-distance-delivery-delivery/AWjFhwxsR-bAtZoKZkaq
King Chef - Lucky Chinatown Mall (Seafood Restaurant),https://food.grab.com/ph/en/restaurant/king-chef-lucky-chinatown-mall-seafood-restaurant-delivery/PHGFSTI0000019v
Sincerity Cafe & Restaurant - Binondo [Available for LONG-DISTANCE DELIVERY],https://food.grab.com/ph/en/restaurant/sincerity-cafe-restaurant-binondo-available-for-long-distance-delivery-delivery/2-CY2FBBU1R3KFLX
Kuya J's Restaurant - Lucky Chinatown Mall [Available for LONG-DISTANCE DELIVERY],https://food.grab.com/ph/en/restaurant/kuya-j-s-restaurant-lucky-chinatown-mall-available-for-long-distance-delivery-delivery/PHGFSTI0000017q
Al Jograts - V. Concepcion [Available for LONG-DISTANCE DELIVERY],https://food.grab.com/ph/en/restaurant/al-jograts-v-concepcion-available-for-long-distance-delivery-delivery/PHGFSTI000002cu
Omakase - GrabKitchen (Sampaloc) [Available for LONG-DISTANCE DELIVERY],https://food.grab.com/ph/en/restaurant/omakase-grabkitchen-sampaloc-available-for-long-distance-delivery-delivery/2-C2JEGU22R4MAT2
Ice Cream Scooper - España Boulevard [Available for LONG-DISTANCE DELIVERY],https://food.grab.com/ph/en/restaurant/ice-cream-scooper-espa%C3%B1a-boulevard-available-for-long-distance-delivery-delivery/2-C2X2RNECVU4GEX
Serenitea - UST Lacson [Available for LONG-DISTANCE DELIVERY],https://food.grab.com/ph/en/restaurant/serenitea-ust-lacson-available-for-long-distance-delivery-delivery/2-CZJTAAXDGEJABA
Big Scoop - P. Guevarra St,https://food.grab.com/ph/en/restaurant/big-scoop-p-guevarra-st-delivery/2-C2UWRYJBTX4JSE
Buffalo's Wings N' Things - SM Manila [Available for LONG-DISTANCE DELIVERY],https://food.grab.com/ph/en/restaurant/buffalo-s-wings-n-things-sm-manila-available-for-long-distance-delivery-delivery/PHGFSTI000001ce
Pho Hoa Vietnamese Noodle House - Lucky Chinatown Mall [Available for LONG-DISTANCE DELIVERY],https://food.grab.com/ph/en/restaurant/pho-hoa-vietnamese-noodle-house-lucky-chinatown-mall-available-for-long-distance-delivery-delivery/PHGFSTI000001p1
Pizza Hut - CM Recto [Available for LONG-DISTANCE DELIVERY],https://food.grab.com/ph/en/restaurant/pizza-hut-cm-recto-available-for-long-distance-delivery-delivery/2-CYLCMEJHCNTCGJ
Tasty Dumplings - Condesa,https://food.grab.com/ph/en/restaurant/tasty-dumplings-condesa-delivery/2-C2MKTPBVAFW3RA
Red Ribbon - Isetann Recto,https://food.grab.com/ph/en/restaurant/red-ribbon-isetann-recto-delivery/2-CZEWNK6VJ3VBC2
Papa John's Pizza - Tri Loyola Building [Available for LONG-DISTANCE DELIVERY],https://food.grab.com/ph/en/restaurant/papa-john-s-pizza-tri-loyola-building-available-for-long-distance-delivery-delivery/2-CYTZE7BTVVEVDA
Cara Mia Cakes & Gelato - Lucky Chinatown Mall,https://food.grab.com/ph/en/restaurant/cara-mia-cakes-gelato-lucky-chinatown-mall-delivery/PHGFSTI000004ui
Cafe Mary Grace - SM Manila [Available for LONG-DISTANCE DELIVERY],https://food.grab.com/ph/en/restaurant/cafe-mary-grace-sm-manila-available-for-long-distance-delivery-delivery/PHGFSTI000001ch
Dosirakuya Korean Street Food - Tondo [Available for LONG DISTANCE DELIVERY],https://food.grab.com/ph/en/restaurant/dosirakuya-korean-street-food-tondo-available-for-long-distance-delivery-delivery/2-C2MEPBJBLYU2DA
Botejyu - SM Manila [Available for LONG-DISTANCE DELIVERY],https://food.grab.com/ph/en/restaurant/botejyu-sm-manila-available-for-long-distance-delivery-delivery/2-C2NKRLDJPBBERN
Boulangerie22 - Pacific Icon Residences,https://food.grab.com/ph/en/restaurant/boulangerie22-pacific-icon-residences-delivery/2-CYKFJU5JTUT1AE
Mann Hann - Lucky Chinatown Mall [Available for LONG-DISTANCE DELIVERY],https://food.grab.com/ph/en/restaurant/mann-hann-lucky-chinatown-mall-available-for-long-distance-delivery-delivery/2-CZJHRBUDA6W1ET
Paotsin - Tutuban Center Mall [Available for LONG-DISTANCE DELIVERY],https://food.grab.com/ph/en/restaurant/paotsin-tutuban-center-mall-available-for-long-distance-delivery-delivery/2-C2N1RCEBNKJFFE
Hot Star Large Fried Chicken - Laperal [Available for LONG-DISTANCE DELIVERY],https://food.grab.com/ph/en/restaurant/hot-star-large-fried-chicken-laperal-available-for-long-distance-delivery-delivery/PHGFSTI000000tp
Ling Nam - Alonzo [Available for LONG DISTANCE DELIVERY],https://food.grab.com/ph/en/restaurant/ling-nam-alonzo-available-for-long-distance-delivery-delivery/2-C22JWEMHC8CALX
Red Table - SM Manila [Available for LONG-DISTANCE DELIVERY],https://food.grab.com/ph/en/restaurant/red-table-sm-manila-available-for-long-distance-delivery-delivery/2-CZM3T6WYE36VNA
Bacolod Chicken Inasal - Robinsons Otis [Available for LONG-DISTANCE DELIVERY],https://food.grab.com/ph/en/restaurant/bacolod-chicken-inasal-robinsons-otis-available-for-long-distance-delivery-delivery/PHGFSTI000001c0
Goldilocks - Good Earth Carriedo Bakeshop,https://food.grab.com/ph/en/restaurant/goldilocks-good-earth-carriedo-bakeshop-delivery/2-CZMACCEBL3DDUE
Koomi - SM Manila [Available for LONG-DISTANCE DELIVERY],https://food.grab.com/ph/en/restaurant/koomi-sm-manila-available-for-long-distance-delivery-delivery/2-C2DZN7XHDFCDRN
Max's Restaurant - SM Manila [Available for LONG-DISTANCE DELIVERY],https://food.grab.com/ph/en/restaurant/max-s-restaurant-sm-manila-available-for-long-distance-delivery-delivery/2-CYKZLAXTEEVTVE
Cha Tuk Chak - Chinatown (Masangkay) [Available for LONG-DISTANCE DELIVERY],https://food.grab.com/ph/en/restaurant/cha-tuk-chak-chinatown-masangkay-available-for-long-distance-delivery-delivery/2-CZNXN4LULKC3GJ
Andok's - Carriedo,https://food.grab.com/ph/en/restaurant/andok-s-carriedo-delivery/2-CYTCLA2DWCNFT6
Hap Chan - Tomas Mapua [Available for LONG-DISTANCE DELIVERY],https://food.grab.com/ph/en/restaurant/hap-chan-tomas-mapua-available-for-long-distance-delivery-delivery/PHGFSTI000001ct
Dimsum Treats - Dapitan [Available for LONG-DISTANCE DELIVERY],https://food.grab.com/ph/en/restaurant/dimsum-treats-dapitan-available-for-long-distance-delivery-delivery/2-CYNDE3LKTUWEVN
Golden Fortune Seafood Restaurant - Binondo [Available for LONG-DISTANCE DELIVERY],https://food.grab.com/ph/en/restaurant/golden-fortune-seafood-restaurant-binondo-available-for-long-distance-delivery-delivery/PHGFSTI000001cl
Happy Lemon - Lucky Chinatown Mall [Available for LONG-DISTANCE DELIVERY],https://food.grab.com/ph/en/restaurant/happy-lemon-lucky-chinatown-mall-available-for-long-distance-delivery-delivery/PHGFSTI000001cu
Mr. Ube Rice and Noodle Haus - Ongpin Street [Available for LONG-DISTANCE DELIVERY],https://food.grab.com/ph/en/restaurant/mr-ube-rice-and-noodle-haus-ongpin-street-available-for-long-distance-delivery-delivery/PHGFSTI000001p9
Peri Peri Charcoal Chicken & Sauce Bar - Espana,https://food.grab.com/ph/en/restaurant/peri-peri-charcoal-chicken-sauce-bar-espana-delivery/2-C2VYJF6DTUEVVX
Domino's Pizza - Espana Boulevard,https://food.grab.com/ph/en/restaurant/domino-s-pizza-espana-boulevard-delivery/2-C2LURYBTCUUKJE
Giligan's Restaurant - Tutuban Center,https://food.grab.com/ph/en/restaurant/giligan-s-restaurant-tutuban-center-delivery/2-CZKEJTJGC2XBDE
The Great Buddha Cafe - Ongpin [Available for LONG-DISTANCE DELIVERY],https://food.grab.com/ph/en/restaurant/the-great-buddha-cafe-ongpin-available-for-long-distance-delivery-delivery/2-CZBAACMYE6VTHE
Chuan Kee Turo Turo - Ongpin Street [Available for LONG-DISTANCE DELIVERY],https://food.grab.com/ph/en/restaurant/chuan-kee-turo-turo-ongpin-street-available-for-long-distance-delivery-delivery/2-CZNFE361TKDVGX
Dairy Queen - SM Manila,https://food.grab.com/ph/en/restaurant/dairy-queen-sm-manila-delivery/2-CYNXGULYATJZCJ
Mang Samgyupsal - UST Dapitan [Available for LONG-DISTANCE DELIVERY],https://food.grab.com/ph/en/restaurant/mang-samgyupsal-ust-dapitan-available-for-long-distance-delivery-delivery/2-CZJTTTDYJ6BHLX
Kanzen Sushi Roll - P Noval Street [Available for LONG-DISTANCE DELIVERY],https://food.grab.com/ph/en/restaurant/kanzen-sushi-roll-p-noval-street-available-for-long-distance-delivery-delivery/2-CZLJRYNXTP4EPA
Macao Imperial Tea - Mendiola [Available for LONG-DISTANCE DELIVERY],https://food.grab.com/ph/en/restaurant/macao-imperial-tea-mendiola-available-for-long-distance-delivery-delivery/2-CY2EGPUFTYKJVX
Tinapayan Festival Bakeshoppe - Dapitan Street,https://food.grab.com/ph/en/restaurant/tinapayan-festival-bakeshoppe-dapitan-street-delivery/2-C2T3ET2ULE5FDE
Inasal Chicken Bacolod - SM Manila [Available for LONG-DISTANCE DELIVERY],https://food.grab.com/ph/en/restaurant/inasal-chicken-bacolod-sm-manila-available-for-long-distance-delivery-delivery/PHGFSTI000001eo
Gerry's Grill Restaurant & Bar - SM Manila [Available for LONG-DISTANCE DELIVERY],https://food.grab.com/ph/en/restaurant/gerry-s-grill-restaurant-bar-sm-manila-available-for-long-distance-delivery-delivery/PHGFSTI000001ey
Pancake House - Lucky China Town [Available for LONG-DISTANCE DELIVERY],https://food.grab.com/ph/en/restaurant/pancake-house-lucky-china-town-available-for-long-distance-delivery-delivery/2-CYMHTYWCGE6CVE
Kyu Kyu - UST [Available for LONG-DISTANCE DELIVERY],https://food.grab.com/ph/en/restaurant/kyu-kyu-ust-available-for-long-distance-delivery-delivery/2-CZLVEA51EX6FBA
BreadTalk - SM San Lazaro,https://food.grab.com/ph/en/restaurant/breadtalk-sm-san-lazaro-delivery/2-C2AWNB2YC6KUNE
Gotobox - Legarda[Available for LONG-DISTANCE DELIVERY],https://food.grab.com/ph/en/restaurant/gotobox-legarda-available-for-long-distance-delivery-delivery/2-C2JFANJWFFBWGN
Everything But Cheese - SM Manila [Available for LONG-DISTANCE DELIVERY],https://food.grab.com/ph/en/restaurant/everything-but-cheese-sm-manila-available-for-long-distance-delivery-delivery/2-CZAJSA4XAFAZV2
Baliwag Lechon Manok - Laong Laan Manila [Available for LONG-DISTANCE DELIVERY],https://food.grab.com/ph/en/restaurant/baliwag-lechon-manok-laong-laan-manila-available-for-long-distance-delivery-delivery/2-C2CGNKTYGA4ZL6
Not Just Sweet - Firmeza Street [Available for LONG-DISTANCE DELIVERY],https://food.grab.com/ph/en/restaurant/not-just-sweet-firmeza-street-available-for-long-distance-delivery-delivery/2-CY5AMAVKNX2WVE
Binalot - Robinsons Otis [Available for LONG-DISTANCE DELIVERY],https://food.grab.com/ph/en/restaurant/binalot-robinsons-otis-available-for-long-distance-delivery-delivery/AWgx66fJ5b9pQDOtNxsz
Gringo - SM Manila [Available for LONG-DISTANCE DELIVERY],https://food.grab.com/ph/en/restaurant/gringo-sm-manila-available-for-long-distance-delivery-delivery/PHGFSTI000002p1
Pizza Telefono - GrabKitchen (Sampaloc) [Available for LONG-DISTANCE DELIVERY],https://food.grab.com/ph/en/restaurant/pizza-telefono-grabkitchen-sampaloc-available-for-long-distance-delivery-delivery/2-C2JYNKVUCYUVJ2
Chachago - Legarda [Available for LONG-DISTANCE DELIVERY],https://food.grab.com/ph/en/restaurant/chachago-legarda-available-for-long-distance-delivery-delivery/2-CZEVRJKDE36CR2
Cafe Perene - Benavidez Street [Available for LONG-DISTANCE DELIVERY],https://food.grab.com/ph/en/restaurant/cafe-perene-benavidez-street-available-for-long-distance-delivery-delivery/2-C2CZUEEGV6BBDE
Pancit Ng Taga Malabon - Quiapo,https://food.grab.com/ph/en/restaurant/pancit-ng-taga-malabon-quiapo-delivery/2-C2UGAEDFJYCDFA
Carol's Chicken and Lechon Belly - Binondo [Available for LONG-DISTANCE DELIVERY],https://food.grab.com/ph/en/restaurant/carol-s-chicken-and-lechon-belly-binondo-available-for-long-distance-delivery-delivery/2-C2XJLBWDVT4EE2
Hong Kong Noodles & Dimsum House - Quiapo [Available for LONG-DISTANCE DELIVERY],https://food.grab.com/ph/en/restaurant/hong-kong-noodles-dimsum-house-quiapo-available-for-long-distance-delivery-delivery/PHGFSTI000001d8
Zark's Burgers - SM Manila [Available for LONG-DISTANCE DELIVERY],https://food.grab.com/ph/en/restaurant/zark-s-burgers-sm-manila-available-for-long-distance-delivery-delivery/PHGFSTI000000tt
Scorched Smokehouse - SM Manila,https://food.grab.com/ph/en/restaurant/scorched-smokehouse-sm-manila-delivery/2-C22TVED3GXEGLE
Mesa - San Lazaro [Available for LONG-DISTANCE DELIVERY],https://food.grab.com/ph/en/restaurant/mesa-san-lazaro-available-for-long-distance-delivery-delivery/2-CZLFME23T8CELX
Lots'A Pizza - 999 Mall [Available for LONG-DISTANCE DELIVERY],https://food.grab.com/ph/en/restaurant/lots-a-pizza-999-mall-available-for-long-distance-delivery-delivery/2-C2BGJE41G2X3TA
Lucky House Restaurant - Sampaloc [Available for LONG-DISTANCE DELIVERY],https://food.grab.com/ph/en/restaurant/lucky-house-restaurant-sampaloc-available-for-long-distance-delivery-delivery/2-CYTTAA6YA76GEN
President Grand Palace Resturant - Binondo [Available for LONG-DISTANCE DELIVERY],https://food.grab.com/ph/en/restaurant/president-grand-palace-resturant-binondo-available-for-long-distance-delivery-delivery/2-C2NXDB2GJJ5JET
Sio Cha 小吃 - Asian Cuisine Masangkay Street,https://food.grab.com/ph/en/restaurant/sio-cha-%E5%B0%8F%E5%90%83-asian-cuisine-masangkay-street-delivery/2-C2EHAFWFTX2WVJ
Chatime - SM Manila [Available for LONG-DISTANCE DELIVERY],https://food.grab.com/ph/en/restaurant/chatime-sm-manila-available-for-long-distance-delivery-delivery/PHGFSTI000001ts
Selecta Ice Cream Shop - Sta Cruz,https://food.grab.com/ph/en/restaurant/selecta-ice-cream-shop-sta-cruz-delivery/2-CYWFLCNBKFCZJJ
Yi Fang Taiwan Fruit Tea - Binondo [Available for LONG-DISTANCE DELIVERY],https://food.grab.com/ph/en/restaurant/yi-fang-taiwan-fruit-tea-binondo-available-for-long-distance-delivery-delivery/2-CYTJJB21TEM3BA
Original Cake - SM Manila,https://food.grab.com/ph/en/restaurant/original-cake-sm-manila-delivery/2-CYTZVYWGRREWJT
Seattle's Best Coffee - UST [Available for LONG-DISTANCE DELIVERY],https://food.grab.com/ph/en/restaurant/seattle-s-best-coffee-ust-available-for-long-distance-delivery-delivery/PHGFSTI000001d1
Mammy's Kitchen - Gelinos Street,https://food.grab.com/ph/en/restaurant/mammy-s-kitchen-gelinos-street-delivery/2-CZEJHFWBAYWXTJ
Shi Lin - Lucky Chinatown Mall [Available for LONG-DISTANCE DELIVERY],https://food.grab.com/ph/en/restaurant/shi-lin-lucky-chinatown-mall-available-for-long-distance-delivery-delivery/PHGFSTI00000120
Turks - Quiapo [Available for LONG-DISTANCE DELIVERY],https://food.grab.com/ph/en/restaurant/turks-quiapo-available-for-long-distance-delivery-delivery/2-CYUJJNTDCZCXNX
Merienda by Pan de Manila - GrabKitchen (Sampaloc) [Available for LONG-DISTANCE DELIVERY],https://food.grab.com/ph/en/restaurant/merienda-by-pan-de-manila-grabkitchen-sampaloc-available-for-long-distance-delivery-delivery/2-C23KRXJJGKAVCJ
BreadTalk - SM Manila,https://food.grab.com/ph/en/restaurant/breadtalk-sm-manila-delivery/2-CZEWLZKCGTJDT6
D'Cream Coffee & Tea - Gastambide [Available for LONG-DISTANCE DELIVERY],https://food.grab.com/ph/en/restaurant/d-cream-coffee-tea-gastambide-available-for-long-distance-delivery-delivery/2-CYJ2NBDCN2VWLE
Hightea - St. Jude [Available for LONG-DISTANCE DELIVERY],https://food.grab.com/ph/en/restaurant/hightea-st-jude-available-for-long-distance-delivery-delivery/2-CYNVPAMFAFT1TT
Tapsarap - Loyola Street [Available for LONG-DISTANCE DELIVERY],https://food.grab.com/ph/en/restaurant/tapsarap-loyola-street-available-for-long-distance-delivery-delivery/2-C2NZR6XHVCE3BE
UCC Cafe Terrace - Binondo [Available for LONG-DISTANCE DELIVERY],https://food.grab.com/ph/en/restaurant/ucc-cafe-terrace-binondo-available-for-long-distance-delivery-delivery/PHGFSTI00000146
Tutong's Laksa - Sampaloc [Available for LONG-DISTANCE DELIVERY],https://food.grab.com/ph/en/restaurant/tutong-s-laksa-sampaloc-available-for-long-distance-delivery-delivery/2-C23URRLCNJUTVT
Savory Chicken PH - Masangkay,https://food.grab.com/ph/en/restaurant/savory-chicken-ph-masangkay-delivery/2-C2BXEAW3LN4HGE
Pepper Lunch Express Plus - SM Manila [Available for LONG-DISTANCE DELIVERY],https://food.grab.com/ph/en/restaurant/pepper-lunch-express-plus-sm-manila-available-for-long-distance-delivery-delivery/2-CY3VTLMGLXL1AE
